num_cores,n_tasks,target_utilization,scheduling_type,scheduling_policy,preemption_mode,allocation_policy,avg_response_time_sim,schedulability_ratio_sim,deadline_misses,total_jobs,avg_response_time_cf,schedulability_ratio_cf,avg_sched_delay,energy_estimate,analysis_overhead
4,5,0.25,Global,FIFO,Preemptive,,18.87560296106656,1.0,0,21,32.10884687928831,1.0,0.0,252.74467273769858,0.0011188983917236328
4,5,0.25,Partitioned,FIFO,Preemptive,First-Fit Decreasing,20.80478532081823,1.0,0,21,32.10884687928831,1.0,0.0,252.74467273769858,0.000982046127319336
4,5,0.25,Global,FIFO,Non-Preemptive,,18.87560296106656,1.0,0,21,32.10884687928831,1.0,0.0,252.74467273769858,0.0008952617645263672
4,5,0.25,Partitioned,FIFO,Non-Preemptive,First-Fit Decreasing,20.80478532081823,1.0,0,21,32.10884687928831,1.0,0.0,252.74467273769858,0.0008690357208251953
4,5,0.25,Global,HEFT,Preemptive,,0.0,0.0,0,0,32.10884687928831,1.0,0.0,240.10743910081365,0.09916186332702637
4,5,0.25,Partitioned,HEFT,Preemptive,First-Fit Decreasing,0.0,0.0,0,0,32.10884687928831,1.0,0.0,240.10743910081365,0.07741236686706543
4,5,0.25,Global,HEFT,Non-Preemptive,,18.87560296106656,1.0,0,21,32.10884687928831,1.0,0.0,240.10743910081365,0.00020122528076171875
4,5,0.25,Partitioned,HEFT,Non-Preemptive,First-Fit Decreasing,21.505845462773454,1.0,0,21,32.10884687928831,1.0,0.0,240.10743910081365,0.0002143383026123047
4,5,0.25,Global,LDF,Preemptive,,0.0,0.0,0,0,32.10884687928831,1.0,0.0,265.38190637458354,0.07332181930541992
4,5,0.25,Partitioned,LDF,Preemptive,First-Fit Decreasing,0.0,0.0,0,0,32.10884687928831,1.0,0.0,265.38190637458354,0.07483792304992676
4,5,0.25,Global,LDF,Non-Preemptive,,18.87560296106656,1.0,0,21,32.10884687928831,1.0,0.0,265.38190637458354,0.00019049644470214844
4,5,0.25,Partitioned,LDF,Non-Preemptive,First-Fit Decreasing,21.505845462773454,1.0,0,21,32.10884687928831,1.0,0.0,265.38190637458354,0.00020432472229003906
4,5,0.5,Global,FIFO,Preemptive,,34.67362422694071,1.0,0,27,36.446344444147144,1.0,5.516548671622996,356.40801842924856,0.0003724098205566406
4,5,0.5,Partitioned,FIFO,Preemptive,First-Fit Decreasing,36.49623209247652,1.0,0,27,36.446344444147144,1.0,7.339156537158804,356.40801842924856,0.00037217140197753906
4,5,0.5,Global,FIFO,Non-Preemptive,,34.67362422694071,1.0,0,27,36.446344444147144,1.0,5.516548671622996,356.40801842924856,0.00037097930908203125
4,5,0.5,Partitioned,FIFO,Non-Preemptive,First-Fit Decreasing,36.49623209247652,1.0,0,27,36.446344444147144,1.0,7.339156537158804,356.40801842924856,0.0003707408905029297
4,5,0.5,Global,HEFT,Preemptive,,0.0,0.0,0,0,36.446344444147144,1.0,0.0,338.5876175077861,0.07714962959289551
4,5,0.5,Partitioned,HEFT,Preemptive,First-Fit Decreasing,0.0,0.0,0,0,36.446344444147144,1.0,0.0,338.5876175077861,0.08931899070739746
4,5,0.5,Global,HEFT,Non-Preemptive,,41.60523641762012,0.9259259259259259,2,27,36.446344444147144,1.0,12.448160862302405,338.5876175077861,0.0004336833953857422
4,5,0.5,Partitioned,HEFT,Non-Preemptive,First-Fit Decreasing,43.63478686180106,0.9259259259259259,2,27,36.446344444147144,1.0,14.477711306483346,338.5876175077861,0.0004067420959472656
4,5,0.5,Global,LDF,Preemptive,,0.0,0.0,0,0,36.446344444147144,1.0,0.0,374.228419350711,0.07279825210571289
4,5,0.5,Partitioned,LDF,Preemptive,First-Fit Decreasing,0.0,0.0,0,0,36.446344444147144,1.0,0.0,374.228419350711,0.07245469093322754
4,5,0.5,Global,LDF,Non-Preemptive,,41.57774337836054,0.9259259259259259,2,27,36.446344444147144,1.0,12.420667823042823,374.228419350711,0.0004038810729980469
4,5,0.5,Partitioned,LDF,Non-Preemptive,First-Fit Decreasing,43.77855464922083,0.9259259259259259,2,27,36.446344444147144,1.0,14.621479093903115,374.228419350711,0.0004024505615234375
4,10,0.25,Global,FIFO,Preemptive,,7.720372874440024,1.0,0,64,10.662199036278313,1.0,0.6122401835878168,139.8018063915218,0.000637054443359375
4,10,0.25,Partitioned,FIFO,Preemptive,First-Fit Decreasing,8.284972915298932,1.0,0,64,10.662199036278313,1.0,1.1768402244467246,139.8018063915218,0.000640869140625
4,10,0.25,Global,FIFO,Non-Preemptive,,7.720372874440024,1.0,0,64,10.662199036278313,1.0,0.6122401835878168,139.8018063915218,0.0006303787231445312
4,10,0.25,Partitioned,FIFO,Non-Preemptive,First-Fit Decreasing,8.284972915298932,1.0,0,64,10.662199036278313,1.0,1.1768402244467246,139.8018063915218,0.0006177425384521484
4,10,0.25,Global,HEFT,Preemptive,,0.0,0.0,0,0,10.662199036278313,1.0,0.0,132.8117160719457,0.10446667671203613
4,10,0.25,Partitioned,HEFT,Preemptive,First-Fit Decreasing,0.0,0.0,0,0,10.662199036278313,1.0,0.0,132.8117160719457,0.10422110557556152
4,10,0.25,Global,HEFT,Non-Preemptive,,8.290017276768445,1.0,0,64,10.662199036278313,1.0,1.1818845859162384,132.8117160719457,0.0006802082061767578
4,10,0.25,Partitioned,HEFT,Non-Preemptive,First-Fit Decreasing,10.801467353917573,1.0,0,64,10.662199036278313,1.0,3.6933346630653663,132.8117160719457,0.0006835460662841797
4,10,0.25,Global,LDF,Preemptive,,0.0,0.0,0,0,10.662199036278313,1.0,0.0,146.7918967110979,0.11627602577209473
4,10,0.25,Partitioned,LDF,Preemptive,First-Fit Decreasing,0.0,0.0,0,0,10.662199036278313,1.0,0.0,146.7918967110979,0.09906840324401855
4,10,0.25,Global,LDF,Non-Preemptive,,8.168111537461067,1.0,0,64,10.662199036278313,1.0,1.0599788466088604,146.7918967110979,0.0006704330444335938
4,10,0.25,Partitioned,LDF,Non-Preemptive,First-Fit Decreasing,10.815317984877375,1.0,0,64,10.662199036278313,1.0,3.7071852940251677,146.7918967110979,0.0006663799285888672
4,10,0.5,Global,FIFO,Preemptive,,27.347879561526465,0.9803921568627451,1,51,34.4756793269527,1.0,4.364093343558,406.1262779728891,0.0007159709930419922
4,10,0.5,Partitioned,FIFO,Preemptive,First-Fit Decreasing,39.161664870011215,0.9411764705882353,3,51,34.4756793269527,1.0,16.17787865204275,406.1262779728891,0.0007147789001464844
4,10,0.5,Global,FIFO,Non-Preemptive,,27.347879561526465,0.9803921568627451,1,51,34.4756793269527,1.0,4.364093343558,406.1262779728891,0.0006873607635498047
4,10,0.5,Partitioned,FIFO,Non-Preemptive,First-Fit Decreasing,39.161664870011215,0.9411764705882353,3,51,34.4756793269527,1.0,16.17787865204275,406.1262779728891,0.0006899833679199219
4,10,0.5,Global,HEFT,Preemptive,,0.0,0.0,0,0,34.4756793269527,1.0,0.0,385.81996407424464,0.11259245872497559
4,10,0.5,Partitioned,HEFT,Preemptive,First-Fit Decreasing,0.0,0.0,0,0,34.4756793269527,1.0,0.0,385.81996407424464,0.11006760597229004
4,10,0.5,Global,HEFT,Non-Preemptive,,27.745441713615055,0.9803921568627451,1,51,34.4756793269527,1.0,4.76165549564659,385.81996407424464,0.0007779598236083984
4,10,0.5,Partitioned,HEFT,Non-Preemptive,First-Fit Decreasing,49.32171138566407,0.9019607843137255,5,51,34.4756793269527,1.0,26.3379251676956,385.81996407424464,0.0007615089416503906
4,10,0.5,Global,LDF,Preemptive,,0.0,0.0,0,0,34.4756793269527,1.0,0.0,426.4325918715336,0.1143183708190918
4,10,0.5,Partitioned,LDF,Preemptive,First-Fit Decreasing,0.0,0.0,0,0,34.4756793269527,1.0,0.0,426.4325918715336,0.10843491554260254
4,10,0.5,Global,LDF,Non-Preemptive,,28.061971423888806,0.9803921568627451,1,51,34.4756793269527,1.0,5.078185205920342,426.4325918715336,0.0007529258728027344
4,10,0.5,Partitioned,LDF,Non-Preemptive,First-Fit Decreasing,48.871385363592786,0.9019607843137255,5,51,34.4756793269527,1.0,25.88759914562432,426.4325918715336,0.0007574558258056641
8,5,0.25,Global,FIFO,Preemptive,,26.751027135112093,1.0,0,17,34.078419110774504,1.0,0.0,365.38176668224935,0.0002224445343017578
8,5,0.25,Partitioned,FIFO,Preemptive,First-Fit Decreasing,40.03205708962805,0.9411764705882353,1,17,34.078419110774504,1.0,9.740128991161825,365.38176668224935,0.00021910667419433594
8,5,0.25,Global,FIFO,Non-Preemptive,,26.751027135112093,1.0,0,17,34.078419110774504,1.0,0.0,365.38176668224935,0.00021314620971679688
8,5,0.25,Partitioned,FIFO,Non-Preemptive,First-Fit Decreasing,40.03205708962805,0.9411764705882353,1,17,34.078419110774504,1.0,9.740128991161825,365.38176668224935,0.00021386146545410156
8,5,0.25,Global,HEFT,Preemptive,,0.0,0.0,0,0,34.078419110774504,1.0,0.0,347.11267834813685,0.07969307899475098
8,5,0.25,Partitioned,HEFT,Preemptive,First-Fit Decreasing,0.0,0.0,0,0,34.078419110774504,1.0,0.0,347.11267834813685,0.0733330249786377
8,5,0.25,Global,HEFT,Non-Preemptive,,26.751027135112093,1.0,0,17,34.078419110774504,1.0,0.0,347.11267834813685,0.00024366378784179688
8,5,0.25,Partitioned,HEFT,Non-Preemptive,First-Fit Decreasing,43.76613674862375,0.9411764705882353,1,17,34.078419110774504,1.0,13.474208650157529,347.11267834813685,0.00022864341735839844
8,5,0.25,Global,LDF,Preemptive,,0.0,0.0,0,0,34.078419110774504,1.0,0.0,383.65085501636185,0.07536721229553223
8,5,0.25,Partitioned,LDF,Preemptive,First-Fit Decreasing,0.0,0.0,0,0,34.078419110774504,1.0,0.0,383.65085501636185,0.08264923095703125
8,5,0.25,Global,LDF,Non-Preemptive,,26.935213599377455,1.0,0,17,34.078419110774504,1.0,0.0,383.65085501636185,0.00025153160095214844
8,5,0.25,Partitioned,LDF,Non-Preemptive,First-Fit Decreasing,43.780203596348436,0.9411764705882353,1,17,34.078419110774504,1.0,13.488275497882213,383.65085501636185,0.0002353191375732422
8,5,0.5,Global,FIFO,Preemptive,,98.0133579272122,1.0,0,7,96.5476421814964,1.0,12.193231543659849,1059.871594800322,0.00013947486877441406
8,5,0.5,Partitioned,FIFO,Preemptive,First-Fit Decreasing,172.1562763438254,1.0,0,7,96.5476421814964,1.0,86.33614996027305,1059.871594800322,0.0001418590545654297
8,5,0.5,Global,FIFO,Non-Preemptive,,98.0133579272122,1.0,0,7,96.5476421814964,1.0,12.193231543659849,1059.871594800322,0.00013446807861328125
8,5,0.5,Partitioned,FIFO,Non-Preemptive,First-Fit Decreasing,172.1562763438254,1.0,0,7,96.5476421814964,1.0,86.33614996027305,1059.871594800322,0.00014019012451171875
8,5,0.5,Global,HEFT,Preemptive,,0.0,0.0,0,0,96.5476421814964,1.0,0.0,1006.878015060306,0.08323550224304199
8,5,0.5,Partitioned,HEFT,Preemptive,First-Fit Decreasing,198.70030950160137,1.0,0,7,96.5476421814964,1.0,112.88018311804902,1006.878015060306,0.0002186298370361328
8,5,0.5,Global,HEFT,Non-Preemptive,,102.87592748918254,1.0,0,7,96.5476421814964,1.0,17.055801105630195,1006.878015060306,0.0001506805419921875
8,5,0.5,Partitioned,HEFT,Non-Preemptive,First-Fit Decreasing,212.66836814360926,1.0,0,7,96.5476421814964,1.0,126.84824176005691,1006.878015060306,0.00015211105346679688
8,5,0.5,Global,LDF,Preemptive,,0.0,0.0,0,0,96.5476421814964,1.0,0.0,1112.8651745403383,0.07886767387390137
8,5,0.5,Partitioned,LDF,Preemptive,First-Fit Decreasing,0.0,0.0,0,0,96.5476421814964,1.0,0.0,1112.8651745403383,0.06883597373962402
8,5,0.5,Global,LDF,Non-Preemptive,,103.01925108234937,1.0,0,7,96.5476421814964,1.0,17.19912469879702,1112.8651745403383,0.00015997886657714844
8,5,0.5,Partitioned,LDF,Non-Preemptive,First-Fit Decreasing,210.33065031113736,1.0,0,7,96.5476421814964,1.0,124.51052392758501,1112.8651745403383,0.00016021728515625
8,10,0.25,Global,FIFO,Preemptive,,16.09157595179645,1.0,0,35,17.927139826438165,1.0,1.749864090645918,411.99821612859216,0.0005152225494384766
8,10,0.25,Partitioned,FIFO,Preemptive,First-Fit Decreasing,29.116652010160628,1.0,0,34,17.927139826438165,1.0,14.774940149010096,411.99821612859216,0.000484466552734375
8,10,0.25,Global,FIFO,Non-Preemptive,,16.09157595179645,1.0,0,35,17.927139826438165,1.0,1.749864090645918,411.99821612859216,0.0005314350128173828
8,10,0.25,Partitioned,FIFO,Non-Preemptive,First-Fit Decreasing,29.116652010160628,1.0,0,34,17.927139826438165,1.0,14.774940149010096,411.99821612859216,0.0004706382751464844
8,10,0.25,Global,HEFT,Preemptive,,0.0,0.0,0,0,17.927139826438165,1.0,0.0,391.3983053221625,0.13338971138000488
8,10,0.25,Partitioned,HEFT,Preemptive,First-Fit Decreasing,0.0,0.0,0,0,17.927139826438165,1.0,0.0,391.3983053221625,0.11067438125610352
8,10,0.25,Global,HEFT,Non-Preemptive,,18.842902703177025,1.0,0,35,17.927139826438165,1.0,4.501190842026492,391.3983053221625,0.0005669593811035156
8,10,0.25,Partitioned,HEFT,Non-Preemptive,First-Fit Decreasing,34.702782019901605,1.0,0,34,17.927139826438165,1.0,20.361070158751073,391.3983053221625,0.0005109310150146484
8,10,0.25,Global,LDF,Preemptive,,0.0,0.0,0,0,17.927139826438165,1.0,0.0,432.5981269350218,0.10878753662109375
8,10,0.25,Partitioned,LDF,Preemptive,First-Fit Decreasing,0.0,0.0,0,0,17.927139826438165,1.0,0.0,432.5981269350218,0.10155272483825684
8,10,0.25,Global,LDF,Non-Preemptive,,18.791396424624,1.0,0,35,17.927139826438165,1.0,4.449684563473468,432.5981269350218,0.0005557537078857422
8,10,0.25,Partitioned,LDF,Non-Preemptive,First-Fit Decreasing,34.836402854601346,1.0,0,34,17.927139826438165,1.0,20.494690993450813,432.5981269350218,0.0005071163177490234
8,10,0.5,Global,FIFO,Preemptive,,11.576775533608188,1.0,0,61,22.40967580630731,1.0,0.0,515.6181456950721,0.0007336139678955078
8,10,0.5,Partitioned,FIFO,Preemptive,First-Fit Decreasing,27.12790530485575,0.9672131147540983,2,61,22.40967580630731,1.0,9.2001646598099,515.6181456950721,0.0007922649383544922
8,10,0.5,Global,FIFO,Non-Preemptive,,11.576775533608188,1.0,0,61,22.40967580630731,1.0,0.0,515.6181456950721,0.0007348060607910156
8,10,0.5,Partitioned,FIFO,Non-Preemptive,First-Fit Decreasing,27.12790530485575,0.9672131147540983,2,61,22.40967580630731,1.0,9.2001646598099,515.6181456950721,0.0007722377777099609
8,10,0.5,Global,HEFT,Preemptive,,0.0,0.0,0,0,22.40967580630731,1.0,0.0,489.8372384103185,0.12110018730163574
8,10,0.5,Partitioned,HEFT,Preemptive,First-Fit Decreasing,68.32183018446085,1.0,0,2,22.40967580630731,1.0,50.394089539415,489.8372384103185,0.1058344841003418
8,10,0.5,Global,HEFT,Non-Preemptive,,12.93485607032781,1.0,0,61,22.40967580630731,1.0,0.0,489.8372384103185,0.0008218288421630859
8,10,0.5,Partitioned,HEFT,Non-Preemptive,First-Fit Decreasing,34.850845395456666,0.9344262295081968,4,61,22.40967580630731,1.0,16.923104750410815,489.8372384103185,0.0008618831634521484
8,10,0.5,Global,LDF,Preemptive,,0.0,0.0,0,0,22.40967580630731,1.0,0.0,541.3990529798258,0.1126859188079834
8,10,0.5,Partitioned,LDF,Preemptive,First-Fit Decreasing,68.32183018446085,1.0,0,2,22.40967580630731,1.0,50.394089539415,541.3990529798258,0.08469414710998535
8,10,0.5,Global,LDF,Non-Preemptive,,12.879161859575973,1.0,0,61,22.40967580630731,1.0,0.0,541.3990529798258,0.0007750988006591797
8,10,0.5,Partitioned,LDF,Non-Preemptive,First-Fit Decreasing,35.060769435442474,0.9344262295081968,4,61,22.40967580630731,1.0,17.133028790396622,541.3990529798258,0.0008325576782226562
